issuer_name,state,in_network_denied,internal_appeals,appeals_per_1000_denials,appeal_overturn_rate,external_reviews,external_review_overturn_rate,claims_year,apellica_page
PacificSource Health Plans,OR,658,136,206.68693009118542,0.0882,,,2024,https://apellica.com/insurer-denial-rates/oregon/pacificsource-health-plans
Oscar Insurance Company,NE,10186,950,93.26526605144315,0.46,16,,2024,https://apellica.com/insurer-denial-rates/nebraska/oscar-insurance-company
Oscar Insurance Company,OK,60135,4223,70.22532634904798,0.2744,83,0.4337,2024,https://apellica.com/insurer-denial-rates/oklahoma/oscar-insurance-company
CHRISTUS Health Plan Louisiana,LA,22585,1566,69.3380562320124,0.4093,0,0,2024,https://apellica.com/insurer-denial-rates/louisiana/christus-health-plan-louisiana
Oscar Insurance Corporation of Ohio,OH,121739,8186,67.24221490237312,0.3407,255,0.2627,2024,https://apellica.com/insurer-denial-rates/ohio/oscar-insurance-corporation-of-ohio
Anthem Health Plans of NH(Anthem BCBS),NH,2555,160,62.62230919765166,0.4438,,,2024,https://apellica.com/insurer-denial-rates/new-hampshire/anthem-health-plans-of-nh-anthem-bcbs
Oscar Insurance Company,IA,117430,7284,62.0284424763689,0.2975,144,0.2778,2024,https://apellica.com/insurer-denial-rates/iowa/oscar-insurance-company
"Kaiser Foundation Health Plan, Inc.",HI,584,33,56.50684931506849,0.4848,0,0,2024,https://apellica.com/insurer-denial-rates/hawaii/kaiser-foundation-health-plan-inc
Oscar Buckeye State Insurance Corp.,OH,337922,18709,55.364847509188515,0.2512,394,0.2563,2024,https://apellica.com/insurer-denial-rates/ohio/oscar-buckeye-state-insurance-corp
"Oscar Health Plan, Inc.",AZ,82246,4434,53.91143642244,0.207,152,0.3289,2024,https://apellica.com/insurer-denial-rates/arizona/oscar-health-plan-inc
Kaiser Foundation Healthplan of the NW,OR,725,39,53.793103448275865,0.4359,0,0,2024,https://apellica.com/insurer-denial-rates/oregon/kaiser-foundation-healthplan-of-the-nw
Oscar Insurance Company,KS,77239,4096,53.03020494827743,0.3516,80,0.1875,2024,https://apellica.com/insurer-denial-rates/kansas/oscar-insurance-company
Oscar Insurance Company,TN,187709,9553,50.892605042912166,0.3828,162,0.1852,2024,https://apellica.com/insurer-denial-rates/tennessee/oscar-insurance-company
Oscar Insurance Company,TX,764285,38325,50.14490667748288,0.2364,517,0.3404,2024,https://apellica.com/insurer-denial-rates/texas/oscar-insurance-company
"Oscar Health Plan of North Carolina, Inc",NC,17549,875,49.8603909054647,0.3657,34,0.3529,2024,https://apellica.com/insurer-denial-rates/north-carolina/oscar-health-plan-of-north-carolina-inc
Oscar Insurance Company,MO,133294,5920,44.41310186505019,0.3182,53,0.2453,2024,https://apellica.com/insurer-denial-rates/missouri/oscar-insurance-company
Oscar Insurance Company,MI,14778,596,40.33022059818649,0.307,46,0.2391,2024,https://apellica.com/insurer-denial-rates/michigan/oscar-insurance-company
CHRISTUS Health Plan,TX,141176,4256,30.146767155890522,0.3141,0,0,2024,https://apellica.com/insurer-denial-rates/texas/christus-health-plan
"Blue Cross and Blue Shield of Arizona, Inc.",AZ,233016,4769,20.46640574037834,0.3787,180,0.2,2024,https://apellica.com/insurer-denial-rates/arizona/blue-cross-and-blue-shield-of-arizona-inc
Providence Health Plan,OR,16582,301,18.152213243275842,0.7209,,,2024,https://apellica.com/insurer-denial-rates/oregon/providence-health-plan
CareSource North Carolina Co.,NC,44782,728,16.25653164217766,0.1305,,,2024,https://apellica.com/insurer-denial-rates/north-carolina/caresource-north-carolina-co
"Avera Health Plans, Inc.",SD,11752,154,13.104152484683457,0.4481,,,2024,https://apellica.com/insurer-denial-rates/south-dakota/avera-health-plans-inc
Montana Health Cooperative,MT,91410,1163,12.722896838420304,0.2399,16,,2024,https://apellica.com/insurer-denial-rates/montana/montana-health-cooperative
USAble Mutual Insurance Company,AR,669702,7600,11.34833104873511,0.3158,35,0.3714,2024,https://apellica.com/insurer-denial-rates/arkansas/usable-mutual-insurance-company
Sanford Health Plan,SD,35230,365,10.360488220266818,0.5973,,,2024,https://apellica.com/insurer-denial-rates/south-dakota/sanford-health-plan
Blue Cross and Blue Shield of Nebraska,NE,91925,870,9.464237149850423,0.2276,17,,2024,https://apellica.com/insurer-denial-rates/nebraska/blue-cross-and-blue-shield-of-nebraska
"CareSource Ohio, Inc.",OH,562546,5001,8.889939667156108,0.1904,263,0.1787,2024,https://apellica.com/insurer-denial-rates/ohio/caresource-ohio-inc
"CareSource Indiana, Inc.",IN,638511,5621,8.803293913495619,0.1663,436,0.2546,2024,https://apellica.com/insurer-denial-rates/indiana/caresource-indiana-inc
Regence BlueCross BlueShield of Utah,UT,58383,487,8.34146926331295,0.1232,11,,2024,https://apellica.com/insurer-denial-rates/utah/regence-bluecross-blueshield-of-utah
Capital Health Plan,FL,35255,257,7.289746135299958,0.3385,,,2024,https://apellica.com/insurer-denial-rates/florida/capital-health-plan
"Summa Insurance Company, Inc.",OH,51591,319,6.183249016301293,0.768,,,2024,https://apellica.com/insurer-denial-rates/ohio/summa-insurance-company-inc
Regence BlueCross BlueShield of Oregon,OR,100498,616,6.129475213437083,0.1429,47,,2024,https://apellica.com/insurer-denial-rates/oregon/regence-bluecross-blueshield-of-oregon
"USAble HMO, Inc.",AR,123118,686,5.5718903815851455,0.3207,0,0,2024,https://apellica.com/insurer-denial-rates/arkansas/usable-hmo-inc
UnitedHealthcare Insurance Company,MO,203531,1119,5.497933975659728,0.345,,,2024,https://apellica.com/insurer-denial-rates/missouri/unitedhealthcare-insurance-company
UnitedHealthcare Insurance Company,KS,167716,915,5.455651219919387,0.3148,,,2024,https://apellica.com/insurer-denial-rates/kansas/unitedhealthcare-insurance-company
"UnitedHealthcare of Wisconsin, Inc.",WI,113541,594,5.231590350622243,0.4108,,,2024,https://apellica.com/insurer-denial-rates/wisconsin/unitedhealthcare-of-wisconsin-inc
Sanford Health Plan,ND,28533,147,5.151929344968983,0.6531,,,2024,https://apellica.com/insurer-denial-rates/north-dakota/sanford-health-plan
"HMO Partners, Inc.",AR,248827,1247,5.011514023799668,0.2911,,,2024,https://apellica.com/insurer-denial-rates/arkansas/hmo-partners-inc
CareSource West Virginia Co.,WV,198752,993,4.996176139108034,0.0655,54,0.3148,2024,https://apellica.com/insurer-denial-rates/west-virginia/caresource-west-virginia-co
"UnitedHealthcare of Texas, Inc.",TX,2550560,12386,4.856188444890534,0.3498,67,0.3134,2024,https://apellica.com/insurer-denial-rates/texas/unitedhealthcare-of-texas-inc
"UnitedHealthcare of Florida, Inc.",FL,719832,3373,4.6858155791907,0.2615,18,,2024,https://apellica.com/insurer-denial-rates/florida/unitedhealthcare-of-florida-inc
"UnitedHealthcare of South Carolina, Inc.",SC,88229,403,4.567659159686725,0.3102,,,2024,https://apellica.com/insurer-denial-rates/south-carolina/unitedhealthcare-of-south-carolina-inc
"UnitedHealthcare of Ohio, Inc.",OH,208089,944,4.536520431161667,0.3496,21,,2024,https://apellica.com/insurer-denial-rates/ohio/unitedhealthcare-of-ohio-inc
Anthem Ins Companies Inc(Anthem BCBS),IN,267110,1174,4.39519299165138,0.3058,,,2024,https://apellica.com/insurer-denial-rates/indiana/anthem-ins-companies-inc-anthem-bcbs
Scott and White Health Plan,TX,1205777,5246,4.350721567918446,0.6018,170,0.8,2024,https://apellica.com/insurer-denial-rates/texas/scott-and-white-health-plan
"Molina Healthcare of Texas, Inc.",TX,237126,996,4.200298575440905,0.5472,21,0.6667,2024,https://apellica.com/insurer-denial-rates/texas/molina-healthcare-of-texas-inc
"UnitedHealthcare of North Carolina, Inc",NC,339054,1407,4.149781450742359,0.3738,,,2024,https://apellica.com/insurer-denial-rates/north-carolina/unitedhealthcare-of-north-carolina-inc
"UnitedHealthcare of Arizona, Inc.",AZ,646181,2607,4.034473313204814,0.3809,33,,2024,https://apellica.com/insurer-denial-rates/arizona/unitedhealthcare-of-arizona-inc
University of Utah Health Insurance Plans,UT,122297,482,3.941225050491835,0.3216,,,2024,https://apellica.com/insurer-denial-rates/utah/university-of-utah-health-insurance-plans
"UnitedHealthcare of Oklahoma, Inc.",OK,59525,218,3.6623267534649306,0.1972,0,0,2024,https://apellica.com/insurer-denial-rates/oklahoma/unitedhealthcare-of-oklahoma-inc
Quartz Health Benefit Plans Corporation,WI,57350,204,3.5571054925893635,0.4804,,,2024,https://apellica.com/insurer-denial-rates/wisconsin/quartz-health-benefit-plans-corporation
"SelectHealth, Inc.",UT,1571221,5422,3.450819458242984,0.2706,119,0.4454,2024,https://apellica.com/insurer-denial-rates/utah/selecthealth-inc
UnitedHealthcare Insurance Company,TN,446509,1483,3.3213216306950137,0.3169,,,2024,https://apellica.com/insurer-denial-rates/tennessee/unitedhealthcare-insurance-company
Medical Health Insuring Corp. of Ohio,OH,198720,657,3.306159420289855,0.6408,21,,2024,https://apellica.com/insurer-denial-rates/ohio/medical-health-insuring-corp-of-ohio
"UnitedHealthcare Community Plan, Inc.",MI,204912,671,3.27457640352932,0.237,0,0,2024,https://apellica.com/insurer-denial-rates/michigan/unitedhealthcare-community-plan-inc
Blue Cross Blue Shield of Oklahoma,OK,1385537,4404,3.178550987811946,0.2963,50,0.44,2024,https://apellica.com/insurer-denial-rates/oklahoma/blue-cross-blue-shield-of-oklahoma
"UnitedHealthcare of Mississippi, Inc.",MS,67514,196,2.903101578931777,0.3112,0,0,2024,https://apellica.com/insurer-denial-rates/mississippi/unitedhealthcare-of-mississippi-inc
Blue Cross and Blue Shield of Kansas City,MO,31697,91,2.8709341578067322,0.3297,0,0,2024,https://apellica.com/insurer-denial-rates/missouri/blue-cross-and-blue-shield-of-kansas-city
Community Insurance Company(Anthem BCBS),OH,294314,841,2.8574923381150743,0.2675,,,2024,https://apellica.com/insurer-denial-rates/ohio/community-insurance-company-anthem-bcbs
CommunityCare HMO Inc.,OK,74500,204,2.738255033557047,0.5049,,,2024,https://apellica.com/insurer-denial-rates/oklahoma/communitycare-hmo-inc
Molina Healthcare of Utah,UT,28618,78,2.7255573415333005,0.7179,0,0,2024,https://apellica.com/insurer-denial-rates/utah/molina-healthcare-of-utah
Medica Health Plans,ND,15098,40,2.6493575307987816,0.375,0,0,2024,https://apellica.com/insurer-denial-rates/north-dakota/medica-health-plans
Medica Community Health Plan,WI,87505,227,2.594137477858408,0.5463,0,0,2024,https://apellica.com/insurer-denial-rates/wisconsin/medica-community-health-plan
Matthew Thornton Hlth Plan(Anthem BCBS),NH,153654,396,2.5772189464641335,0.4192,0,0,2024,https://apellica.com/insurer-denial-rates/new-hampshire/matthew-thornton-hlth-plan-anthem-bcbs
Medica Insurance Company,NE,281819,720,2.55483129242528,0.4931,11,,2024,https://apellica.com/insurer-denial-rates/nebraska/medica-insurance-company
UnitedHealthcare Insurance Company,AL,1073259,2741,2.553903577794363,0.3845,,,2024,https://apellica.com/insurer-denial-rates/alabama/unitedhealthcare-insurance-company
Blue Cross and Blue Shield of Alabama,AL,2038603,5200,2.5507663826649916,0.5015,13,0,2024,https://apellica.com/insurer-denial-rates/alabama/blue-cross-and-blue-shield-of-alabama
Harvard Pilgrim Health Care of NE,NH,33754,84,2.4885939444214022,0.3333,0,0,2024,https://apellica.com/insurer-denial-rates/new-hampshire/harvard-pilgrim-health-care-of-ne
Louisiana Health Service & Indemnity Company,LA,147920,364,2.4607896160086535,0.3214,41,,2024,https://apellica.com/insurer-denial-rates/louisiana/louisiana-health-service-and-indemnity-company
Dean Health Plan,WI,160914,391,2.4298693712169235,0.4936,0,0,2024,https://apellica.com/insurer-denial-rates/wisconsin/dean-health-plan
Blue Cross and Blue Shield of Montana,MT,142689,336,2.354771566133339,0.3095,16,,2024,https://apellica.com/insurer-denial-rates/montana/blue-cross-and-blue-shield-of-montana
Wellmark of South Dakota,SD,65429,152,2.323128887802045,0.2829,,,2024,https://apellica.com/insurer-denial-rates/south-dakota/wellmark-of-south-dakota
Medica Insurance Company,MO,95180,208,2.185333053162429,0.4808,0,0,2024,https://apellica.com/insurer-denial-rates/missouri/medica-insurance-company
Medica Insurance Company,IA,89569,195,2.1770925208498473,0.5026,,,2024,https://apellica.com/insurer-denial-rates/iowa/medica-insurance-company
Blue Cross and Blue Shield of Kansas City,KS,20939,44,2.1013419934094273,0.3864,0,0,2024,https://apellica.com/insurer-denial-rates/kansas/blue-cross-and-blue-shield-of-kansas-city
UnitedHealthcare Insurance Company,LA,248739,521,2.094564985788316,0.3493,,,2024,https://apellica.com/insurer-denial-rates/louisiana/unitedhealthcare-insurance-company
Blue Cross Blue Shield of Texas,TX,11028737,22641,2.052909594271765,0.5034,808,0.4022,2024,https://apellica.com/insurer-denial-rates/texas/blue-cross-blue-shield-of-texas
Medica Insurance Company,KS,14017,27,1.9262324320468005,0.4444,,,2024,https://apellica.com/insurer-denial-rates/kansas/medica-insurance-company
Paramount Insurance Company,OH,15746,30,1.9052457767051951,0.7333,0,0,2024,https://apellica.com/insurer-denial-rates/ohio/paramount-insurance-company
Blue Cross Blue Shield of Wyoming,WY,229909,434,1.8877033956913387,0.3986,,,2024,https://apellica.com/insurer-denial-rates/wyoming/blue-cross-blue-shield-of-wyoming
"MOLINA HEALTHCARE OF SOUTH CAROLINA, INC",SC,230150,422,1.8335867912231154,0.5758,0,0,2024,https://apellica.com/insurer-denial-rates/south-carolina/molina-healthcare-of-south-carolina-inc
"HMO Louisiana, Inc.",LA,993016,1813,1.8257510453003778,0.332,247,0.2267,2024,https://apellica.com/insurer-denial-rates/louisiana/hmo-louisiana-inc
Blue Cross Blue Shield of North Dakota,ND,96964,177,1.8254197434099255,0.4463,0,0,2024,https://apellica.com/insurer-denial-rates/north-dakota/blue-cross-blue-shield-of-north-dakota
"Cigna HealthCare of Arizona, Inc",AZ,22637,39,1.7228431329239742,0.5641,,,2024,https://apellica.com/insurer-denial-rates/arizona/cigna-healthcare-of-arizona-inc
Sunshine State Health Plan,FL,256694,437,1.7024161063367278,,,,2024,https://apellica.com/insurer-denial-rates/florida/sunshine-state-health-plan
"Florida Health Care Plan, Inc.",FL,602771,1024,1.6988209452677716,0.2744,36,0.5278,2024,https://apellica.com/insurer-denial-rates/florida/florida-health-care-plan-inc
Cox Health Systems Insurance Company,MO,14549,24,1.6495979105093135,0.4583,0,0,2024,https://apellica.com/insurer-denial-rates/missouri/cox-health-systems-insurance-company
Compcare Health Serv Ins Co(Anthem BCBS),WI,213637,344,1.610207969593282,0.5843,,,2024,https://apellica.com/insurer-denial-rates/wisconsin/compcare-health-serv-ins-co-anthem-bcbs
Blue Cross and Blue Shield of South Carolina,SC,1827005,2902,1.588391931056565,0.4187,234,0.5641,2024,https://apellica.com/insurer-denial-rates/south-carolina/blue-cross-and-blue-shield-of-south-carolina
Celtic Insurance Company,TN,1645943,2600,1.5796415793256509,,,,2024,https://apellica.com/insurer-denial-rates/tennessee/celtic-insurance-company
Celtic Insurance Company,KS,734165,1121,1.52690471488017,0.0178,17,0,2024,https://apellica.com/insurer-denial-rates/kansas/celtic-insurance-company
"QualChoice Life & Health Insurance Company, Inc.",AR,262731,397,1.5110512273009276,0,0,0,2024,https://apellica.com/insurer-denial-rates/arkansas/qualchoice-life-and-health-insurance-company-inc
Medica Central Insurance Company,MO,13403,20,1.4922032380810266,,0,0,2024,https://apellica.com/insurer-denial-rates/missouri/medica-central-insurance-company
"QCA Health Plan, Inc.",AR,245717,346,1.408123980025802,0,0,0,2024,https://apellica.com/insurer-denial-rates/arkansas/qca-health-plan-inc
Celtic Insurance Company,AR,1297980,1813,1.3967857748193346,0,0,0,2024,https://apellica.com/insurer-denial-rates/arkansas/celtic-insurance-company
Medica Insurance Company,OK,103679,144,1.3889022849371617,0.6389,0,0,2024,https://apellica.com/insurer-denial-rates/oklahoma/medica-insurance-company
Ambetter of North Carolina Inc.,NC,924286,1238,1.3394122598416507,,,,2024,https://apellica.com/insurer-denial-rates/north-carolina/ambetter-of-north-carolina-inc
"Cigna HealthCare of Texas, Inc.",TX,884055,1184,1.3392831893943251,0.6377,,,2024,https://apellica.com/insurer-denial-rates/texas/cigna-healthcare-of-texas-inc
Cigna Health and Life Insurance Company,FL,926080,1210,1.3065825846579129,0.3215,15,,2024,https://apellica.com/insurer-denial-rates/florida/cigna-health-and-life-insurance-company
"Blue Cross and Blue Shield of Kansas, Inc.",KS,134229,174,1.2962921574324475,0.5517,12,,2024,https://apellica.com/insurer-denial-rates/kansas/blue-cross-and-blue-shield-of-kansas-inc
"Moda Health Plan, Inc.",AK,29231,35,1.197358968218672,0.4857,0,0,2024,https://apellica.com/insurer-denial-rates/alaska/moda-health-plan-inc
Celtic Insurance Company,TX,2652607,3010,1.1347327365116657,0.612,237,0.5485,2024,https://apellica.com/insurer-denial-rates/texas/celtic-insurance-company
"Moda Health Plan, Inc.",TX,34484,39,1.1309592854657233,0.359,,,2024,https://apellica.com/insurer-denial-rates/texas/moda-health-plan-inc
"Moda Health Plan, Inc.",OR,157741,173,1.0967345205114714,0.3873,,,2024,https://apellica.com/insurer-denial-rates/oregon/moda-health-plan-inc
Celtic Insurance Company,AL,352236,377,1.070305136329052,,,,2024,https://apellica.com/insurer-denial-rates/alabama/celtic-insurance-company
"Security Health Plan of Wisconsin, Inc.",WI,247191,258,1.0437273201694237,0.6512,0,0,2024,https://apellica.com/insurer-denial-rates/wisconsin/security-health-plan-of-wisconsin-inc
Celtic Insurance Company,OK,438378,446,1.017386821418958,,,,2024,https://apellica.com/insurer-denial-rates/oklahoma/celtic-insurance-company
"Wellmark Health Plan of Iowa, Inc.",IA,704036,674,0.9573374088825003,0.3279,,,2024,https://apellica.com/insurer-denial-rates/iowa/wellmark-health-plan-of-iowa-inc
"Cigna HealthCare of North Carolina, Inc.",NC,162599,150,0.9225148986156126,0.26,,,2024,https://apellica.com/insurer-denial-rates/north-carolina/cigna-healthcare-of-north-carolina-inc
Healthy Alliance Life Co(Anthem BCBS),MO,295802,270,0.9127727331120141,0.363,0,0,2024,https://apellica.com/insurer-denial-rates/missouri/healthy-alliance-life-co-anthem-bcbs
"Meridian Health Plan of Michigan, Inc.",MI,941541,844,0.8964028119858828,,,,2024,https://apellica.com/insurer-denial-rates/michigan/meridian-health-plan-of-michigan-inc
Cigna Health and Life Insurance Company,IN,75221,67,0.8907087116629664,0.4925,,,2024,https://apellica.com/insurer-denial-rates/indiana/cigna-health-and-life-insurance-company
Premera Blue Cross Blue Shield of Alaska,AK,210082,187,0.8901286164450072,0.4759,,,2024,https://apellica.com/insurer-denial-rates/alaska/premera-blue-cross-blue-shield-of-alaska
"Ambetter Health of Louisiana, Inc.",LA,326106,289,0.8862149117158225,,,,2024,https://apellica.com/insurer-denial-rates/louisiana/ambetter-health-of-louisiana-inc
"Absolute Total Care, Inc",SC,1471467,1299,0.8827924785265316,,,,2024,https://apellica.com/insurer-denial-rates/south-carolina/absolute-total-care-inc
Blue Cross Blue Shield of Michigan Mutual Insurance Company,MI,236257,203,0.8592338004799858,0.468,78,,2024,https://apellica.com/insurer-denial-rates/michigan/blue-cross-blue-shield-of-michigan-mutual-insurance-company
McLaren Health Plan Community,MI,19916,17,0.8535850572404097,0.8824,0,0,2024,https://apellica.com/insurer-denial-rates/michigan/mclaren-health-plan-community
"Health First Commercial Plans, Inc.",FL,475722,403,0.8471334098486091,0.6328,37,,2024,https://apellica.com/insurer-denial-rates/florida/health-first-commercial-plans-inc
"Health Net of Arizona, Inc.",AZ,596289,502,0.8418736552242285,0.0279,,,2024,https://apellica.com/insurer-denial-rates/arizona/health-net-of-arizona-inc
Superior Health Plan,TX,1287305,1083,0.8412924675970341,0.5743,62,0.5,2024,https://apellica.com/insurer-denial-rates/texas/superior-health-plan
"MercyCare HMO, Inc.",WI,19105,15,0.7851347814708192,,0,0,2024,https://apellica.com/insurer-denial-rates/wisconsin/mercycare-hmo-inc
Cigna Health and Life Insurance Company,TN,955423,720,0.753592911202682,0.5278,,,2024,https://apellica.com/insurer-denial-rates/tennessee/cigna-health-and-life-insurance-company
Select Health of South Carolina,SC,39520,29,0.7338056680161944,0.5517,0,0,2024,https://apellica.com/insurer-denial-rates/south-carolina/select-health-of-south-carolina
"Community Health Choice, Inc.",TX,1449319,1054,0.7272381028607228,0.2467,26,0.6154,2024,https://apellica.com/insurer-denial-rates/texas/community-health-choice-inc
Blue Cross and Blue Shield of Florida,FL,4251990,3012,0.708374196552673,0.4758,170,0.4588,2024,https://apellica.com/insurer-denial-rates/florida/blue-cross-and-blue-shield-of-florida
Blue Cross and Blue Shield of NC,NC,3116071,2160,0.6931806110964737,0.3606,88,0.5,2024,https://apellica.com/insurer-denial-rates/north-carolina/blue-cross-and-blue-shield-of-nc
"AmeriHealth Caritas North Carolina, Inc.",NC,109227,74,0.677488166845194,0.6351,0,0,2024,https://apellica.com/insurer-denial-rates/north-carolina/amerihealth-caritas-north-carolina-inc
"AmeriHealth Caritas VIP Next, Inc.",DE,46346,31,0.6688818884046088,0.4516,0,0,2024,https://apellica.com/insurer-denial-rates/delaware/amerihealth-caritas-vip-next-inc
Network Health Plan,WI,48655,31,0.6371390401808652,0.3871,0,0,2024,https://apellica.com/insurer-denial-rates/wisconsin/network-health-plan
Ambetter of Magnolia Inc.,MS,1824195,1147,0.6287704987679498,0,0,0,2024,https://apellica.com/insurer-denial-rates/mississippi/ambetter-of-magnolia-inc
"Molina Healthcare of Mississippi, Inc",MS,142847,87,0.609043242070187,0.6207,0,0,2024,https://apellica.com/insurer-denial-rates/mississippi/molina-healthcare-of-mississippi-inc
Highmark BCBSD Inc.,DE,387306,222,0.5731901907019256,0.3063,,,2024,https://apellica.com/insurer-denial-rates/delaware/highmark-bcbsd-inc
Hawaii Medical Service Association,HI,198069,104,0.5250695464711792,0.5,0,0,2024,https://apellica.com/insurer-denial-rates/hawaii/hawaii-medical-service-association
"Molina Healthcare of Ohio, Inc.",OH,428806,216,0.50372429490259,0.5,,,2024,https://apellica.com/insurer-denial-rates/ohio/molina-healthcare-of-ohio-inc
Buckeye Community Health Plan,OH,714834,333,0.4658424193589001,0.5946,,,2024,https://apellica.com/insurer-denial-rates/ohio/buckeye-community-health-plan
BlueCross BlueShield of Tennessee,TN,1323501,587,0.4435206320206785,0.4497,,,2024,https://apellica.com/insurer-denial-rates/tennessee/bluecross-blueshield-of-tennessee
Priority Health,MI,324164,130,0.4010315766093706,0.2154,,,2024,https://apellica.com/insurer-denial-rates/michigan/priority-health
"Aspirus Health Plan, Inc.",WI,47925,19,0.396452790818988,,,,2024,https://apellica.com/insurer-denial-rates/wisconsin/aspirus-health-plan-inc
Cigna Health and Life Insurance Company,MS,691183,257,0.3718262746624266,0.4864,,,2024,https://apellica.com/insurer-denial-rates/mississippi/cigna-health-and-life-insurance-company
Blue Care Network of Michigan,MI,630298,210,0.3331757359217386,0.8571,65,,2024,https://apellica.com/insurer-denial-rates/michigan/blue-care-network-of-michigan
"Health Options, Inc.",FL,10507969,3129,0.2977740037108979,0.4481,153,0.5033,2024,https://apellica.com/insurer-denial-rates/florida/health-options-inc
Highmark Blue Cross Blue Shield West Virginia,WV,471125,130,0.27593526134253116,0.3154,,,2024,https://apellica.com/insurer-denial-rates/west-virginia/highmark-blue-cross-blue-shield-west-virginia
"Molina Healthcare of Florida, Inc",FL,341296,82,0.24026065350897755,0.2317,0,0,2024,https://apellica.com/insurer-denial-rates/florida/molina-healthcare-of-florida-inc
Celtic Insurance Company,NH,133926,31,0.23147111091199618,0.5806,,,2024,https://apellica.com/insurer-denial-rates/new-hampshire/celtic-insurance-company
"AvMed, Inc.",FL,118089,25,0.21170473117733235,,0,0,2024,https://apellica.com/insurer-denial-rates/florida/avmed-inc
"Sendero Health Plans, Inc.",TX,101311,21,0.2072825260830512,0.6667,,,2024,https://apellica.com/insurer-denial-rates/texas/sendero-health-plans-inc
"Taro Health Plan of Oklahoma, Inc.",OK,642,0,0,0,0,0,2024,https://apellica.com/insurer-denial-rates/oklahoma/taro-health-plan-of-oklahoma-inc
Common Ground Healthcare Cooperative,WI,143772,0,0,0,0,0,2024,https://apellica.com/insurer-denial-rates/wisconsin/common-ground-healthcare-cooperative
