issuer_name,state,denial_rate_2023_claims,denial_rate_2024_claims,change_pp,in_network_claims_2024,apellica_page
"AmeriHealth Caritas Florida, Inc.",FL,0.539,0.2573,-28.170000000000005,79451,https://apellica.com/insurer-denial-rates/florida/amerihealth-caritas-florida-inc
Blue Cross and Blue Shield of Montana,MT,0.3945,0.1247,-26.980000000000004,1143888,https://apellica.com/insurer-denial-rates/montana/blue-cross-and-blue-shield-of-montana
UnitedHealthcare Insurance Company,AL,0.4158,0.1786,-23.72,6010107,https://apellica.com/insurer-denial-rates/alabama/unitedhealthcare-insurance-company
"AmeriHealth Caritas VIP Next, Inc.",DE,0.4987,0.2798,-21.889999999999997,165638,https://apellica.com/insurer-denial-rates/delaware/amerihealth-caritas-vip-next-inc
UnitedHealthcare Insurance Company,KS,0.3588,0.1794,-17.94,935058,https://apellica.com/insurer-denial-rates/kansas/unitedhealthcare-insurance-company
UnitedHealthcare Insurance Company,LA,0.4105,0.2411,-16.939999999999998,1031551,https://apellica.com/insurer-denial-rates/louisiana/unitedhealthcare-insurance-company
"UnitedHealthcare of Arizona, Inc.",AZ,0.3962,0.238,-15.82,2715431,https://apellica.com/insurer-denial-rates/arizona/unitedhealthcare-of-arizona-inc
Blue Cross and Blue Shield of Alabama,AL,0.3478,0.1904,-15.739999999999998,10704172,https://apellica.com/insurer-denial-rates/alabama/blue-cross-and-blue-shield-of-alabama
Community Insurance Company(Anthem BCBS),OH,0.2211,0.0833,-13.779999999999998,3535080,https://apellica.com/insurer-denial-rates/ohio/community-insurance-company-anthem-bcbs
"UnitedHealthcare of Texas, Inc.",TX,0.311,0.1735,-13.750000000000002,14698969,https://apellica.com/insurer-denial-rates/texas/unitedhealthcare-of-texas-inc
"UnitedHealthcare of Ohio, Inc.",OH,0.3643,0.2323,-13.200000000000001,895840,https://apellica.com/insurer-denial-rates/ohio/unitedhealthcare-of-ohio-inc
Matthew Thornton Hlth Plan(Anthem BCBS),NH,0.1987,0.0698,-12.889999999999999,2199992,https://apellica.com/insurer-denial-rates/new-hampshire/matthew-thornton-hlth-plan-anthem-bcbs
"UnitedHealthcare Community Plan, Inc.",MI,0.3864,0.2626,-12.380000000000003,780202,https://apellica.com/insurer-denial-rates/michigan/unitedhealthcare-community-plan-inc
"UnitedHealthcare of Florida, Inc.",FL,0.3241,0.202,-12.209999999999999,3564380,https://apellica.com/insurer-denial-rates/florida/unitedhealthcare-of-florida-inc
BridgeSpan Health Company,UT,0.2763,0.1658,-11.049999999999999,7900,https://apellica.com/insurer-denial-rates/utah/bridgespan-health-company
"AmeriHealth Caritas North Carolina, Inc.",NC,0.3914,0.2817,-10.970000000000002,387771,https://apellica.com/insurer-denial-rates/north-carolina/amerihealth-caritas-north-carolina-inc
"UnitedHealthcare of Mississippi, Inc.",MS,0.3192,0.2145,-10.469999999999999,314752,https://apellica.com/insurer-denial-rates/mississippi/unitedhealthcare-of-mississippi-inc
Select Health of South Carolina,SC,0.428,0.3265,-10.149999999999999,121039,https://apellica.com/insurer-denial-rates/south-carolina/select-health-of-south-carolina
"UnitedHealthcare of Oklahoma, Inc.",OK,0.3281,0.2285,-9.959999999999999,260548,https://apellica.com/insurer-denial-rates/oklahoma/unitedhealthcare-of-oklahoma-inc
UnitedHealthcare Insurance Company,TN,0.3038,0.2069,-9.690000000000001,2157936,https://apellica.com/insurer-denial-rates/tennessee/unitedhealthcare-insurance-company
"UnitedHealthcare of North Carolina, Inc",NC,0.2985,0.2117,-8.68,1601659,https://apellica.com/insurer-denial-rates/north-carolina/unitedhealthcare-of-north-carolina-inc
"Molina Healthcare of Florida, Inc",FL,0.3213,0.2357,-8.559999999999999,1447710,https://apellica.com/insurer-denial-rates/florida/molina-healthcare-of-florida-inc
Cigna Health and Life Insurance Company,IN,0.2782,0.1956,-8.260000000000002,384617,https://apellica.com/insurer-denial-rates/indiana/cigna-health-and-life-insurance-company
UnitedHealthcare Insurance Company,MO,0.2658,0.1901,-7.5699999999999985,1070569,https://apellica.com/insurer-denial-rates/missouri/unitedhealthcare-insurance-company
Blue Cross Blue Shield of Oklahoma,OK,0.2345,0.1642,-7.029999999999998,8439891,https://apellica.com/insurer-denial-rates/oklahoma/blue-cross-blue-shield-of-oklahoma
Common Ground Healthcare Cooperative,WI,0.161,0.0955,-6.550000000000001,1504864,https://apellica.com/insurer-denial-rates/wisconsin/common-ground-healthcare-cooperative
"Sendero Health Plans, Inc.",TX,0.2803,0.215,-6.529999999999999,471218,https://apellica.com/insurer-denial-rates/texas/sendero-health-plans-inc
Anthem Health Plans of NH(Anthem BCBS),NH,0.146,0.0891,-5.6899999999999995,28677,https://apellica.com/insurer-denial-rates/new-hampshire/anthem-health-plans-of-nh-anthem-bcbs
CareSource North Carolina Co.,NC,0.3384,0.2831,-5.529999999999996,158212,https://apellica.com/insurer-denial-rates/north-carolina/caresource-north-carolina-co
Molina Healthcare of Utah,UT,0.2822,0.2289,-5.330000000000002,125008,https://apellica.com/insurer-denial-rates/utah/molina-healthcare-of-utah
Blue Cross Blue Shield of Texas,TX,0.2402,0.1875,-5.27,58806743,https://apellica.com/insurer-denial-rates/texas/blue-cross-blue-shield-of-texas
Scott and White Health Plan,TX,0.1906,0.1457,-4.489999999999999,8274564,https://apellica.com/insurer-denial-rates/texas/scott-and-white-health-plan
"AvMed, Inc.",FL,0.311,0.2734,-3.7600000000000025,431996,https://apellica.com/insurer-denial-rates/florida/avmed-inc
Blue Cross and Blue Shield of South Carolina,SC,0.1905,0.1549,-3.559999999999999,11796220,https://apellica.com/insurer-denial-rates/south-carolina/blue-cross-and-blue-shield-of-south-carolina
"MOLINA HEALTHCARE OF SOUTH CAROLINA, INC",SC,0.2506,0.2181,-3.25,1055016,https://apellica.com/insurer-denial-rates/south-carolina/molina-healthcare-of-south-carolina-inc
"Molina Healthcare of Texas, Inc.",TX,0.2713,0.2401,-3.119999999999998,987573,https://apellica.com/insurer-denial-rates/texas/molina-healthcare-of-texas-inc
CHRISTUS Health Plan,TX,0.1467,0.117,-2.969999999999999,1206500,https://apellica.com/insurer-denial-rates/texas/christus-health-plan
CHRISTUS Health Plan Louisiana,LA,0.1725,0.1459,-2.6599999999999984,154775,https://apellica.com/insurer-denial-rates/louisiana/christus-health-plan-louisiana
"Molina Healthcare of Ohio, Inc.",OH,0.2411,0.2171,-2.400000000000002,1975213,https://apellica.com/insurer-denial-rates/ohio/molina-healthcare-of-ohio-inc
"Molina Healthcare of Mississippi, Inc",MS,0.2316,0.2077,-2.3900000000000006,687896,https://apellica.com/insurer-denial-rates/mississippi/molina-healthcare-of-mississippi-inc
Blue Cross Blue Shield of Wyoming,WY,0.1917,0.1762,-1.5500000000000014,1305051,https://apellica.com/insurer-denial-rates/wyoming/blue-cross-blue-shield-of-wyoming
Blue Cross Blue Shield of Michigan Mutual Insurance Company,MI,0.1454,0.1307,-1.469999999999999,1807844,https://apellica.com/insurer-denial-rates/michigan/blue-cross-blue-shield-of-michigan-mutual-insurance-company
"CareSource Ohio, Inc.",OH,0.2138,0.1999,-1.3899999999999997,2814185,https://apellica.com/insurer-denial-rates/ohio/caresource-ohio-inc
"CareSource Indiana, Inc.",IN,0.1943,0.1812,-1.31,3524662,https://apellica.com/insurer-denial-rates/indiana/caresource-indiana-inc
Capital Health Plan,FL,0.0783,0.0653,-1.2999999999999998,540104,https://apellica.com/insurer-denial-rates/florida/capital-health-plan
"Moda Health Plan, Inc.",TX,0.2552,0.2427,-1.2499999999999982,142112,https://apellica.com/insurer-denial-rates/texas/moda-health-plan-inc
Blue Cross Blue Shield of North Dakota,ND,0.1472,0.1352,-1.200000000000001,717367,https://apellica.com/insurer-denial-rates/north-dakota/blue-cross-blue-shield-of-north-dakota
Blue Cross and Blue Shield of Nebraska,NE,0.1678,0.1558,-1.200000000000001,590006,https://apellica.com/insurer-denial-rates/nebraska/blue-cross-and-blue-shield-of-nebraska
"Oscar Health Plan of North Carolina, Inc",NC,0.228,0.2164,-1.16,81081,https://apellica.com/insurer-denial-rates/north-carolina/oscar-health-plan-of-north-carolina-inc
Paramount Insurance Company,OH,0.1538,0.1424,-1.1399999999999992,110549,https://apellica.com/insurer-denial-rates/ohio/paramount-insurance-company
"HMO Partners, Inc.",AR,0.1758,0.1652,-1.0599999999999998,1506621,https://apellica.com/insurer-denial-rates/arkansas/hmo-partners-inc
"Cigna HealthCare of North Carolina, Inc.",NC,0.1716,0.161,-1.0599999999999998,1009831,https://apellica.com/insurer-denial-rates/north-carolina/cigna-healthcare-of-north-carolina-inc
"Blue Cross and Blue Shield of Arizona, Inc.",AZ,0.1626,0.1531,-0.9499999999999981,1522332,https://apellica.com/insurer-denial-rates/arizona/blue-cross-and-blue-shield-of-arizona-inc
Sanford Health Plan,SD,0.0504,0.0412,-0.9199999999999999,855229,https://apellica.com/insurer-denial-rates/south-dakota/sanford-health-plan
"Moda Health Plan, Inc.",OR,0.1503,0.143,-0.7300000000000001,1102738,https://apellica.com/insurer-denial-rates/oregon/moda-health-plan-inc
USAble Mutual Insurance Company,AR,0.1625,0.1559,-0.6599999999999995,4295266,https://apellica.com/insurer-denial-rates/arkansas/usable-mutual-insurance-company
"Health Options, Inc.",FL,0.2531,0.2469,-0.6199999999999983,42561091,https://apellica.com/insurer-denial-rates/florida/health-options-inc
CareSource West Virginia Co.,WV,0.2405,0.2356,-0.48999999999999877,843758,https://apellica.com/insurer-denial-rates/west-virginia/caresource-west-virginia-co
"Cigna HealthCare of Texas, Inc.",TX,0.2213,0.2167,-0.4599999999999993,4080439,https://apellica.com/insurer-denial-rates/texas/cigna-healthcare-of-texas-inc
Sanford Health Plan,ND,0.0486,0.0444,-0.41999999999999954,642746,https://apellica.com/insurer-denial-rates/north-dakota/sanford-health-plan
Cox Health Systems Insurance Company,MO,0.1498,0.1465,-0.32999999999999974,99299,https://apellica.com/insurer-denial-rates/missouri/cox-health-systems-insurance-company
Cigna Health and Life Insurance Company,FL,0.2036,0.2004,-0.32000000000000084,4620013,https://apellica.com/insurer-denial-rates/florida/cigna-health-and-life-insurance-company
Blue Cross and Blue Shield of Kansas City,KS,0.207,0.2044,-0.2599999999999991,102463,https://apellica.com/insurer-denial-rates/kansas/blue-cross-and-blue-shield-of-kansas-city
HealthPartners Insurance Company,WI,0.0663,0.0648,-0.15000000000000013,466789,https://apellica.com/insurer-denial-rates/wisconsin/healthpartners-insurance-company
Wellmark of South Dakota,SD,0.1547,0.1539,-0.07999999999999952,425214,https://apellica.com/insurer-denial-rates/south-dakota/wellmark-of-south-dakota
Kaiser Foundation Healthplan of the NW,OR,0.073,0.0731,0.010000000000000286,9923,https://apellica.com/insurer-denial-rates/oregon/kaiser-foundation-healthplan-of-the-nw
University of Utah Health Insurance Plans,UT,0.1895,0.1898,0.02999999999999947,644314,https://apellica.com/insurer-denial-rates/utah/university-of-utah-health-insurance-plans
"Kaiser Foundation Health Plan, Inc.",HI,0.0503,0.0508,0.050000000000000044,11489,https://apellica.com/insurer-denial-rates/hawaii/kaiser-foundation-health-plan-inc
Blue Cross and Blue Shield of Kansas City,MO,0.2064,0.2072,0.07999999999999952,152989,https://apellica.com/insurer-denial-rates/missouri/blue-cross-and-blue-shield-of-kansas-city
"SelectHealth, Inc.",UT,0.1862,0.187,0.07999999999999952,8402145,https://apellica.com/insurer-denial-rates/utah/selecthealth-inc
Quartz Health Benefit Plans Corporation,WI,0.0805,0.0823,0.1799999999999996,696511,https://apellica.com/insurer-denial-rates/wisconsin/quartz-health-benefit-plans-corporation
BlueCross BlueShield of Tennessee,TN,0.2091,0.2111,0.20000000000000018,6270421,https://apellica.com/insurer-denial-rates/tennessee/bluecross-blueshield-of-tennessee
Providence Health Plan,OR,0.0381,0.0404,0.22999999999999965,410010,https://apellica.com/insurer-denial-rates/oregon/providence-health-plan
Anthem Ins Companies Inc(Anthem BCBS),IN,0.1015,0.1047,0.31999999999999945,2552004,https://apellica.com/insurer-denial-rates/indiana/anthem-ins-companies-inc-anthem-bcbs
Blue Care Network of Michigan,MI,0.1821,0.1855,0.33999999999999864,3398397,https://apellica.com/insurer-denial-rates/michigan/blue-care-network-of-michigan
Blue Cross and Blue Shield of NC,NC,0.189,0.1925,0.3500000000000003,16183703,https://apellica.com/insurer-denial-rates/north-carolina/blue-cross-and-blue-shield-of-nc
Healthy Alliance Life Co(Anthem BCBS),MO,0.0714,0.075,0.3599999999999992,3941746,https://apellica.com/insurer-denial-rates/missouri/healthy-alliance-life-co-anthem-bcbs
Group Health Cooperative of South Central Wisconsin,WI,0.0844,0.0891,0.4699999999999996,207372,https://apellica.com/insurer-denial-rates/wisconsin/group-health-cooperative-of-south-central-wisconsin
Regence BlueCross BlueShield of Oregon,OR,0.0944,0.0992,0.47999999999999987,1013376,https://apellica.com/insurer-denial-rates/oregon/regence-bluecross-blueshield-of-oregon
"Wellmark Health Plan of Iowa, Inc.",IA,0.1726,0.1784,0.58,3945784,https://apellica.com/insurer-denial-rates/iowa/wellmark-health-plan-of-iowa-inc
"MercyCare HMO, Inc.",WI,0.0852,0.0916,0.6400000000000003,208646,https://apellica.com/insurer-denial-rates/wisconsin/mercycare-hmo-inc
Blue Cross and Blue Shield of Florida,FL,0.1846,0.1914,0.68,22220889,https://apellica.com/insurer-denial-rates/florida/blue-cross-and-blue-shield-of-florida
"Cigna HealthCare of Arizona, Inc",AZ,0.1548,0.1621,0.7300000000000001,139645,https://apellica.com/insurer-denial-rates/arizona/cigna-healthcare-of-arizona-inc
"Aspirus Health Plan, Inc.",WI,0.113,0.1203,0.7300000000000001,398306,https://apellica.com/insurer-denial-rates/wisconsin/aspirus-health-plan-inc
Compcare Health Serv Ins Co(Anthem BCBS),WI,0.077,0.0868,0.9800000000000003,2462417,https://apellica.com/insurer-denial-rates/wisconsin/compcare-health-serv-ins-co-anthem-bcbs
"Security Health Plan of Wisconsin, Inc.",WI,0.1787,0.1892,1.050000000000001,1306739,https://apellica.com/insurer-denial-rates/wisconsin/security-health-plan-of-wisconsin-inc
Regence BlueCross BlueShield of Utah,UT,0.1372,0.1478,1.0599999999999998,395068,https://apellica.com/insurer-denial-rates/utah/regence-bluecross-blueshield-of-utah
"Blue Cross and Blue Shield of Kansas, Inc.",KS,0.1175,0.1287,1.1200000000000014,1042704,https://apellica.com/insurer-denial-rates/kansas/blue-cross-and-blue-shield-of-kansas-inc
Priority Health,MI,0.0673,0.0789,1.16,4106893,https://apellica.com/insurer-denial-rates/michigan/priority-health
Network Health Plan,WI,0.1513,0.1629,1.16,298634,https://apellica.com/insurer-denial-rates/wisconsin/network-health-plan
"Avera Health Plans, Inc.",SD,0.0146,0.027,1.24,436009,https://apellica.com/insurer-denial-rates/south-dakota/avera-health-plans-inc
"Summa Insurance Company, Inc.",OH,0.2477,0.2609,1.3200000000000016,197767,https://apellica.com/insurer-denial-rates/ohio/summa-insurance-company-inc
Medica Health Plans,ND,0.196,0.2093,1.3300000000000005,72125,https://apellica.com/insurer-denial-rates/north-dakota/medica-health-plans
"HMO Louisiana, Inc.",LA,0.1664,0.1814,1.5000000000000013,5472870,https://apellica.com/insurer-denial-rates/louisiana/hmo-louisiana-inc
Louisiana Health Service & Indemnity Company,LA,0.1337,0.149,1.529999999999998,992770,https://apellica.com/insurer-denial-rates/louisiana/louisiana-health-service-and-indemnity-company
BridgeSpan Health Company,OR,0.0892,0.1048,1.5600000000000003,12346,https://apellica.com/insurer-denial-rates/oregon/bridgespan-health-company
Premera Blue Cross Blue Shield of Alaska,AK,0.2543,0.2702,1.589999999999997,777414,https://apellica.com/insurer-denial-rates/alaska/premera-blue-cross-blue-shield-of-alaska
Cigna Health and Life Insurance Company,TN,0.1872,0.2031,1.5899999999999999,4704089,https://apellica.com/insurer-denial-rates/tennessee/cigna-health-and-life-insurance-company
Oscar Insurance Company,OK,0.2151,0.232,1.69,259248,https://apellica.com/insurer-denial-rates/oklahoma/oscar-insurance-company
Medical Health Insuring Corp. of Ohio,OH,0.1318,0.1505,1.8699999999999994,1320144,https://apellica.com/insurer-denial-rates/ohio/medical-health-insuring-corp-of-ohio
Oscar Insurance Company,TN,0.2157,0.2352,1.9499999999999988,798002,https://apellica.com/insurer-denial-rates/tennessee/oscar-insurance-company
Cigna Health and Life Insurance Company,MS,0.2562,0.2769,2.0699999999999994,2495922,https://apellica.com/insurer-denial-rates/mississippi/cigna-health-and-life-insurance-company
Medica Insurance Company,OK,0.2394,0.2601,2.0699999999999994,398541,https://apellica.com/insurer-denial-rates/oklahoma/medica-insurance-company
Ambetter of Magnolia Inc.,MS,0.1367,0.1604,2.37,11374142,https://apellica.com/insurer-denial-rates/mississippi/ambetter-of-magnolia-inc
Medica Insurance Company,MO,0.2078,0.2341,2.629999999999999,406622,https://apellica.com/insurer-denial-rates/missouri/medica-insurance-company
Oscar Insurance Company,MO,0.2174,0.2447,2.729999999999999,544633,https://apellica.com/insurer-denial-rates/missouri/oscar-insurance-company
Celtic Insurance Company,OK,0.2126,0.2402,2.7599999999999985,1824797,https://apellica.com/insurer-denial-rates/oklahoma/celtic-insurance-company
Medica Insurance Company,IA,0.1833,0.213,2.9700000000000006,420450,https://apellica.com/insurer-denial-rates/iowa/medica-insurance-company
"Florida Health Care Plan, Inc.",FL,0.1399,0.1704,3.05,3536806,https://apellica.com/insurer-denial-rates/florida/florida-health-care-plan-inc
"Health First Commercial Plans, Inc.",FL,0.1933,0.224,3.0700000000000003,2123475,https://apellica.com/insurer-denial-rates/florida/health-first-commercial-plans-inc
"QCA Health Plan, Inc.",AR,0.1225,0.1542,3.170000000000001,1593974,https://apellica.com/insurer-denial-rates/arkansas/qca-health-plan-inc
Medica Community Health Plan,WI,0.1396,0.1713,3.170000000000001,510731,https://apellica.com/insurer-denial-rates/wisconsin/medica-community-health-plan
Hawaii Medical Service Association,HI,0.2419,0.2737,3.1799999999999997,723658,https://apellica.com/insurer-denial-rates/hawaii/hawaii-medical-service-association
Medica Insurance Company,KS,0.2145,0.2464,3.1900000000000013,56889,https://apellica.com/insurer-denial-rates/kansas/medica-insurance-company
"QualChoice Life & Health Insurance Company, Inc.",AR,0.1236,0.1563,3.269999999999999,1680519,https://apellica.com/insurer-denial-rates/arkansas/qualchoice-life-and-health-insurance-company-inc
Sunshine State Health Plan,FL,0.1689,0.2019,3.3000000000000003,1271365,https://apellica.com/insurer-denial-rates/florida/sunshine-state-health-plan
Harvard Pilgrim Health Care of NE,NH,0.2545,0.288,3.3499999999999974,117211,https://apellica.com/insurer-denial-rates/new-hampshire/harvard-pilgrim-health-care-of-ne
Oscar Insurance Company,NE,0.183,0.2172,3.420000000000001,46889,https://apellica.com/insurer-denial-rates/nebraska/oscar-insurance-company
"Community Health Choice, Inc.",TX,0.179,0.2139,3.4900000000000015,6776421,https://apellica.com/insurer-denial-rates/texas/community-health-choice-inc
Celtic Insurance Company,TN,0.1531,0.1886,3.5499999999999976,8726180,https://apellica.com/insurer-denial-rates/tennessee/celtic-insurance-company
"Absolute Total Care, Inc",SC,0.1472,0.1829,3.570000000000001,8043578,https://apellica.com/insurer-denial-rates/south-carolina/absolute-total-care-inc
Celtic Insurance Company,AR,0.1242,0.1606,3.639999999999999,8079882,https://apellica.com/insurer-denial-rates/arkansas/celtic-insurance-company
Medica Insurance Company,NE,0.1765,0.2131,3.660000000000002,1322366,https://apellica.com/insurer-denial-rates/nebraska/medica-insurance-company
McLaren Health Plan Community,MI,0.1601,0.1989,3.88,100136,https://apellica.com/insurer-denial-rates/michigan/mclaren-health-plan-community
Dean Health Plan,WI,0.1031,0.1457,4.26,1104307,https://apellica.com/insurer-denial-rates/wisconsin/dean-health-plan
Celtic Insurance Company,AL,0.1696,0.2142,4.46,1644320,https://apellica.com/insurer-denial-rates/alabama/celtic-insurance-company
Celtic Insurance Company,TX,0.1173,0.1634,4.6099999999999985,16238521,https://apellica.com/insurer-denial-rates/texas/celtic-insurance-company
Montana Health Cooperative,MT,0.0574,0.1052,4.78,868851,https://apellica.com/insurer-denial-rates/montana/montana-health-cooperative
Community First Insurance Plans,TX,0.2561,0.3063,5.020000000000002,112382,https://apellica.com/insurer-denial-rates/texas/community-first-insurance-plans
Buckeye Community Health Plan,OH,0.1443,0.1946,5.0299999999999985,3673782,https://apellica.com/insurer-denial-rates/ohio/buckeye-community-health-plan
Highmark BCBSD Inc.,DE,0.1379,0.1897,5.1800000000000015,2042140,https://apellica.com/insurer-denial-rates/delaware/highmark-bcbsd-inc
Celtic Insurance Company,MO,0.1338,0.1881,5.429999999999999,5919313,https://apellica.com/insurer-denial-rates/missouri/celtic-insurance-company
Medica Central Insurance Company,MO,0.1586,0.2134,5.480000000000001,62815,https://apellica.com/insurer-denial-rates/missouri/medica-central-insurance-company
Celtic Insurance Company,NH,0.1211,0.1762,5.51,759938,https://apellica.com/insurer-denial-rates/new-hampshire/celtic-insurance-company
Celtic Insurance Company,KS,0.1348,0.1899,5.510000000000001,3865491,https://apellica.com/insurer-denial-rates/kansas/celtic-insurance-company
"Health Net of Arizona, Inc.",AZ,0.1305,0.1862,5.57,3202241,https://apellica.com/insurer-denial-rates/arizona/health-net-of-arizona-inc
Ambetter of North Carolina Inc.,NC,0.1533,0.2152,6.190000000000001,4295438,https://apellica.com/insurer-denial-rates/north-carolina/ambetter-of-north-carolina-inc
Oscar Insurance Company,KS,0.1966,0.2609,6.430000000000002,296092,https://apellica.com/insurer-denial-rates/kansas/oscar-insurance-company
Superior Health Plan,TX,0.1531,0.2217,6.859999999999999,5807390,https://apellica.com/insurer-denial-rates/texas/superior-health-plan
CommunityCare HMO Inc.,OK,0.1025,0.1712,6.87,435151,https://apellica.com/insurer-denial-rates/oklahoma/communitycare-hmo-inc
Oscar Insurance Company,TX,0.183,0.2547,7.169999999999998,3001076,https://apellica.com/insurer-denial-rates/texas/oscar-insurance-company
Oscar Insurance Company,IA,0.1781,0.2512,7.309999999999997,467434,https://apellica.com/insurer-denial-rates/iowa/oscar-insurance-company
Oscar Buckeye State Insurance Corp.,OH,0.189,0.2647,7.5699999999999985,1276642,https://apellica.com/insurer-denial-rates/ohio/oscar-buckeye-state-insurance-corp
Oscar Insurance Company,MI,0.1932,0.2726,7.9399999999999995,54216,https://apellica.com/insurer-denial-rates/michigan/oscar-insurance-company
"Meridian Health Plan of Michigan, Inc.",MI,0.1851,0.2765,9.140000000000004,3404769,https://apellica.com/insurer-denial-rates/michigan/meridian-health-plan-of-michigan-inc
Highmark Blue Cross Blue Shield West Virginia,WV,0.107,0.2012,9.42,2341171,https://apellica.com/insurer-denial-rates/west-virginia/highmark-blue-cross-blue-shield-west-virginia
Oscar Insurance Corporation of Ohio,OH,0.0953,0.1994,10.41,610423,https://apellica.com/insurer-denial-rates/ohio/oscar-insurance-corporation-of-ohio
"Oscar Health Plan, Inc.",AZ,0.1743,0.2808,10.649999999999999,292877,https://apellica.com/insurer-denial-rates/arizona/oscar-health-plan-inc
PacificSource Health Plans,OR,0.0215,0.1745,15.299999999999999,3771,https://apellica.com/insurer-denial-rates/oregon/pacificsource-health-plans
